{"text": "\u6211\u8ba4\u4e3a\u8dd1\u6b65\u6700\u91cd\u8981\u7684\u5c31\u662f\u7ed9\u6211\u5e26\u6765\u4e86\u8eab\u4f53\u5065\u5eb7", "segments": [{"id": 0, "seek": 0, "start": 0.0, "end": 4.32, "text": "\u6211\u8ba4\u4e3a\u8dd1\u6b65\u6700\u91cd\u8981\u7684\u5c31\u662f\u7ed9\u6211\u5e26\u6765\u4e86\u8eab\u4f53\u5065\u5eb7", "tokens": [50365, 1654, 7422, 97, 13992, 32585, 31429, 8661, 24928, 1546, 5620, 49076, 4845, 99, 34912, 19847, 29485, 44201, 6346, 115, 50581], "temperature": 0.0, "avg_logprob": -0.12201675501736728, "compression_ratio": 0.8450704225352113, "no_speech_prob": 8.578329886710367e-12}], "language": "Chinese"}